id,name,email,frequency,monetary,recency_days,cluster_id,segment
1,Alice,alice.1@example.com,7,3821.35,67,1,Champions
2,Bob,bob.2@example.com,4,1532.4,13,2,Champions
3,Charlie,charlie.3@example.com,1,330.2,32,0,Lost Customers
4,Diana,diana.4@example.com,2,1198.15,268,3,Lost Customers
5,Evan,evan.5@example.com,3,1249.21,62,2,Champions
6,Fiona,fiona.6@example.com,1,448.37,325,3,Lost Customers
7,George,george.7@example.com,2,638.6700000000001,132,0,Lost Customers
8,Hannah,hannah.8@example.com,8,3148.8,6,1,Champions
9,Ian,ian.9@example.com,8,4856.06,42,4,Champions
10,Julia,julia.10@example.com,2,436.36,149,0,Lost Customers
11,Kevin,kevin.11@example.com,8,5301.48,95,4,Champions
12,Laura,laura.12@example.com,4,1222.56,28,2,Champions
13,Mike,mike.13@example.com,7,3338.45,63,1,Champions
14,Nina,nina.14@example.com,8,4498.0599999999995,28,4,Champions
15,Oscar,oscar.15@example.com,4,3213.2999999999997,60,2,Champions
16,Priya,priya.16@example.com,6,2766.27,9,1,Champions
17,Quinn,quinn.17@example.com,5,3056.59,31,2,Champions
18,Rachel,rachel.18@example.com,6,3907.8199999999997,13,1,Champions
19,Sam,sam.19@example.com,7,3431.1,35,1,Champions
20,Tara,tara.20@example.com,6,1959.67,10,2,Champions
21,Uma,uma.21@example.com,4,2099.16,67,2,Champions
22,Victor,victor.22@example.com,4,2639.71,79,2,Champions
23,Wendy,wendy.23@example.com,5,1764.21,7,2,Champions
24,Xavier,xavier.24@example.com,8,5328.33,140,4,Champions
25,Yara,yara.25@example.com,8,4216.15,9,1,Champions
26,Zoe,zoe.26@example.com,7,2723.09,107,1,Champions
27,Aaron,aaron.27@example.com,1,702.42,339,3,Lost Customers
28,Beth,beth.28@example.com,3,2117.92,86,2,Champions
29,Carl,carl.29@example.com,7,1593.85,26,2,Champions
30,Donna,donna.30@example.com,1,428.92,197,0,Lost Customers
31,Eric,eric.31@example.com,8,3497.2999999999997,19,1,Champions
32,Grace,grace.32@example.com,2,1588.7,121,0,Lost Customers
33,Henry,henry.33@example.com,3,2301.44,109,2,Champions
34,Iris,iris.34@example.com,6,2509.94,74,2,Champions
35,Jack,jack.35@example.com,8,5963.73,1,4,Champions
36,Kara,kara.36@example.com,7,3418.46,18,1,Champions
37,Leo,leo.37@example.com,1,525.34,155,0,Lost Customers
38,Mia,mia.38@example.com,1,326.97,33,0,Lost Customers
39,Noah,noah.39@example.com,3,2560.17,21,2,Champions
40,Olivia,olivia.40@example.com,2,759.14,295,3,Lost Customers
41,Paul,paul.41@example.com,5,2463.05,52,2,Champions
42,Queen,queen.42@example.com,8,3035.12,22,1,Champions
43,Ryan,ryan.43@example.com,4,2104.01,72,2,Champions
44,Sara,sara.44@example.com,6,3672.62,92,1,Champions
45,Tom,tom.45@example.com,5,1879.9,24,2,Champions
46,Uma,uma.46@example.com,7,3920.42,40,1,Champions
47,Vince,vince.47@example.com,7,4710.76,60,4,Champions
48,Will,will.48@example.com,5,4049.02,11,1,Champions
49,Xena,xena.49@example.com,4,2646.18,44,2,Champions
50,Yvonne,yvonne.50@example.com,7,3998.12,3,1,Champions
