id,name,email,snapshot_date,days_since_last_order,total_orders,total_spending,average_order_value,orders_last_30_days,orders_last_90_days,spending_last_30_days,spending_last_90_days,return_rate,average_review_score,discount_usage
1,Alice,alice.1@example.com,2026-10-01,541.0,4,2269.73,567.4325,0,0,0.0,0.0,,,
2,Bob,bob.2@example.com,2026-10-01,,0,0.0,,0,0,0.0,0.0,,,
3,Charlie,charlie.3@example.com,2026-10-01,520.0,3,1001.3100000000001,333.77000000000004,0,0,0.0,0.0,,,
4,Diana,diana.4@example.com,2026-10-01,808.0,1,814.47,814.47,0,0,0.0,0.0,,,
5,Evan,evan.5@example.com,2026-10-01,935.0,2,811.4100000000001,405.70500000000004,0,0,0.0,0.0,,,
6,Fiona,fiona.6@example.com,2026-10-01,,0,0.0,,0,0,0.0,0.0,,,
7,George,george.7@example.com,2026-10-01,535.0,2,638.6700000000001,319.33500000000004,0,0,0.0,0.0,,,
8,Hannah,hannah.8@example.com,2026-10-01,646.0,6,3049.64,508.2733333333333,0,0,0.0,0.0,,,
9,Ian,ian.9@example.com,2026-10-01,558.0,2,800.53,400.265,0,0,0.0,0.0,,,
10,Julia,julia.10@example.com,2026-10-01,,0,0.0,,0,0,0.0,0.0,,,
11,Kevin,kevin.11@example.com,2026-10-01,696.0,1,121.83,121.83,0,0,0.0,0.0,,,
12,Laura,laura.12@example.com,2026-10-01,537.0,3,2326.11,775.37,0,0,0.0,0.0,,,
13,Mike,mike.13@example.com,2026-10-01,527.0,4,1417.48,354.37,0,0,0.0,0.0,,,
14,Nina,nina.14@example.com,2026-10-01,625.0,6,3638.62,606.4366666666666,0,0,0.0,0.0,,,
15,Oscar,oscar.15@example.com,2026-10-01,547.0,3,1126.82,375.6066666666666,0,0,0.0,0.0,,,
16,Priya,priya.16@example.com,2026-10-01,627.0,3,744.31,248.10333333333332,0,0,0.0,0.0,,,
17,Quinn,quinn.17@example.com,2026-10-01,594.0,2,335.70000000000005,167.85000000000002,0,0,0.0,0.0,,,
18,Rachel,rachel.18@example.com,2026-10-01,586.0,3,2349.9,783.3000000000001,0,0,0.0,0.0,,,
19,Sam,sam.19@example.com,2026-10-01,523.0,3,1242.28,414.0933333333333,0,0,0.0,0.0,,,
20,Tara,tara.20@example.com,2026-10-01,532.0,6,2774.47,462.41166666666663,0,0,0.0,0.0,,,
21,Uma,uma.21@example.com,2026-10-01,704.0,3,1030.47,343.49,0,0,0.0,0.0,,,
22,Victor,victor.22@example.com,2026-10-01,710.0,3,2445.8,815.2666666666668,0,0,0.0,0.0,,,
23,Wendy,wendy.23@example.com,2026-10-01,575.0,4,2421.19,605.2975,0,0,0.0,0.0,,,
24,Xavier,xavier.24@example.com,2026-10-01,856.0,1,360.39,360.39,0,0,0.0,0.0,,,
25,Yara,yara.25@example.com,2026-10-01,471.0,3,1567.71,522.57,0,0,0.0,0.0,,,
26,Zoe,zoe.26@example.com,2026-10-01,542.0,3,1287.94,429.31333333333333,0,0,0.0,0.0,,,
27,Aaron,aaron.27@example.com,2026-10-01,507.0,5,4545.71,909.142,0,0,0.0,0.0,,,
28,Beth,beth.28@example.com,2026-10-01,672.0,4,1283.57,320.8925,0,0,0.0,0.0,,,
29,Carl,carl.29@example.com,2026-10-01,853.0,2,414.38,207.19,0,0,0.0,0.0,,,
30,Donna,donna.30@example.com,2026-10-01,603.0,2,1263.04,631.52,0,0,0.0,0.0,,,
31,Eric,eric.31@example.com,2026-10-01,465.0,4,1942.46,485.615,0,0,0.0,0.0,,,
32,Grace,grace.32@example.com,2026-10-01,521.0,3,1150.8,383.59999999999997,0,0,0.0,0.0,,,
33,Henry,henry.33@example.com,2026-10-01,760.0,1,683.84,683.84,0,0,0.0,0.0,,,
34,Iris,iris.34@example.com,2026-10-01,536.0,5,3499.4700000000003,699.894,0,0,0.0,0.0,,,
35,Jack,jack.35@example.com,2026-10-01,858.0,2,1029.6100000000001,514.8050000000001,0,0,0.0,0.0,,,
36,Kara,kara.36@example.com,2026-10-01,561.0,4,2850.15,712.5375,0,0,0.0,0.0,,,
37,Leo,leo.37@example.com,2026-10-01,487.0,2,1134.24,567.12,0,0,0.0,0.0,,,
38,Mia,mia.38@example.com,2026-10-01,456.0,3,1140.19,380.06333333333333,0,0,0.0,0.0,,,
39,Noah,noah.39@example.com,2026-10-01,651.0,2,988.08,494.04,0,0,0.0,0.0,,,
40,Olivia,olivia.40@example.com,2026-10-01,581.0,1,525.34,525.34,0,0,0.0,0.0,,,
41,Paul,paul.41@example.com,2026-10-01,767.0,1,256.88,256.88,0,0,0.0,0.0,,,
42,Queen,queen.42@example.com,2026-10-01,598.0,2,1544.83,772.415,0,0,0.0,0.0,,,
43,Ryan,ryan.43@example.com,2026-10-01,490.0,2,1920.73,960.365,0,0,0.0,0.0,,,
44,Sara,sara.44@example.com,2026-10-01,482.0,5,2344.9,468.98,0,0,0.0,0.0,,,
45,Tom,tom.45@example.com,2026-10-01,578.0,4,2107.48,526.87,0,0,0.0,0.0,,,
46,Uma,uma.46@example.com,2026-10-01,689.0,4,2382.28,595.57,0,0,0.0,0.0,,,
47,Vince,vince.47@example.com,2026-10-01,464.0,4,2340.86,585.215,0,0,0.0,0.0,,,
48,Will,will.48@example.com,2026-10-01,665.0,2,1821.59,910.795,0,0,0.0,0.0,,,
49,Xena,xena.49@example.com,2026-10-01,536.0,5,3436.1,687.22,0,0,0.0,0.0,,,
50,Yvonne,yvonne.50@example.com,2026-10-01,514.0,1,1104.42,1104.42,0,0,0.0,0.0,,,
