id,name,email,last_purchase_date,historical_order_count,recency_days_at_snapshot,churn,observation_date,label_window_end,data_through_date,label_definition
1,Alice,alice.1@example.com,2024-06-14 17:00:00,1,201,0,2025-01-01,2025-04-01,2025-04-01,No qualifying purchase in next 90 days
3,Charlie,charlie.3@example.com,2024-03-13 22:00:00,2,294,1,2025-01-01,2025-04-01,2025-04-01,No qualifying purchase in next 90 days
4,Diana,diana.4@example.com,2024-07-15 06:00:00,1,170,1,2025-01-01,2025-04-01,2025-04-01,No qualifying purchase in next 90 days
5,Evan,evan.5@example.com,2024-03-10 21:00:00,2,297,1,2025-01-01,2025-04-01,2025-04-01,No qualifying purchase in next 90 days
7,George,george.7@example.com,2024-05-15 11:00:00,1,231,1,2025-01-01,2025-04-01,2025-04-01,No qualifying purchase in next 90 days
8,Hannah,hannah.8@example.com,2024-12-24 09:00:00,6,8,1,2025-01-01,2025-04-01,2025-04-01,No qualifying purchase in next 90 days
9,Ian,ian.9@example.com,2024-12-25 20:00:00,1,7,0,2025-01-01,2025-04-01,2025-04-01,No qualifying purchase in next 90 days
11,Kevin,kevin.11@example.com,2024-11-04 12:00:00,1,58,1,2025-01-01,2025-04-01,2025-04-01,No qualifying purchase in next 90 days
12,Laura,laura.12@example.com,2024-03-15 14:00:00,1,292,0,2025-01-01,2025-04-01,2025-04-01,No qualifying purchase in next 90 days
13,Mike,mike.13@example.com,2024-10-05 10:00:00,3,88,1,2025-01-01,2025-04-01,2025-04-01,No qualifying purchase in next 90 days
14,Nina,nina.14@example.com,2024-09-19 11:00:00,5,104,0,2025-01-01,2025-04-01,2025-04-01,No qualifying purchase in next 90 days
15,Oscar,oscar.15@example.com,2024-10-12 14:00:00,2,81,1,2025-01-01,2025-04-01,2025-04-01,No qualifying purchase in next 90 days
16,Priya,priya.16@example.com,2024-10-07 01:00:00,2,86,0,2025-01-01,2025-04-01,2025-04-01,No qualifying purchase in next 90 days
17,Quinn,quinn.17@example.com,2024-12-14 05:00:00,1,18,0,2025-01-01,2025-04-01,2025-04-01,No qualifying purchase in next 90 days
18,Rachel,rachel.18@example.com,2024-09-11 03:00:00,2,112,0,2025-01-01,2025-04-01,2025-04-01,No qualifying purchase in next 90 days
20,Tara,tara.20@example.com,2024-12-19 10:00:00,4,13,0,2025-01-01,2025-04-01,2025-04-01,No qualifying purchase in next 90 days
21,Uma,uma.21@example.com,2024-10-27 11:00:00,3,66,1,2025-01-01,2025-04-01,2025-04-01,No qualifying purchase in next 90 days
22,Victor,victor.22@example.com,2024-10-21 21:00:00,3,72,1,2025-01-01,2025-04-01,2025-04-01,No qualifying purchase in next 90 days
23,Wendy,wendy.23@example.com,2024-11-05 20:00:00,3,57,0,2025-01-01,2025-04-01,2025-04-01,No qualifying purchase in next 90 days
24,Xavier,xavier.24@example.com,2024-05-28 04:00:00,1,218,1,2025-01-01,2025-04-01,2025-04-01,No qualifying purchase in next 90 days
25,Yara,yara.25@example.com,2024-05-09 08:00:00,2,237,1,2025-01-01,2025-04-01,2025-04-01,No qualifying purchase in next 90 days
26,Zoe,zoe.26@example.com,2024-04-05 13:00:00,2,271,1,2025-01-01,2025-04-01,2025-04-01,No qualifying purchase in next 90 days
27,Aaron,aaron.27@example.com,2024-10-12 18:00:00,3,81,1,2025-01-01,2025-04-01,2025-04-01,No qualifying purchase in next 90 days
28,Beth,beth.28@example.com,2024-11-28 05:00:00,4,34,1,2025-01-01,2025-04-01,2025-04-01,No qualifying purchase in next 90 days
29,Carl,carl.29@example.com,2024-05-31 07:00:00,2,215,1,2025-01-01,2025-04-01,2025-04-01,No qualifying purchase in next 90 days
31,Eric,eric.31@example.com,2024-06-06 05:00:00,1,209,0,2025-01-01,2025-04-01,2025-04-01,No qualifying purchase in next 90 days
33,Henry,henry.33@example.com,2024-09-01 13:00:00,1,122,1,2025-01-01,2025-04-01,2025-04-01,No qualifying purchase in next 90 days
34,Iris,iris.34@example.com,2024-12-05 08:00:00,2,27,0,2025-01-01,2025-04-01,2025-04-01,No qualifying purchase in next 90 days
35,Jack,jack.35@example.com,2024-05-26 19:00:00,2,220,1,2025-01-01,2025-04-01,2025-04-01,No qualifying purchase in next 90 days
36,Kara,kara.36@example.com,2024-11-23 21:00:00,3,39,0,2025-01-01,2025-04-01,2025-04-01,No qualifying purchase in next 90 days
37,Leo,leo.37@example.com,2024-11-22 07:00:00,1,40,1,2025-01-01,2025-04-01,2025-04-01,No qualifying purchase in next 90 days
38,Mia,mia.38@example.com,2024-10-13 19:00:00,1,80,0,2025-01-01,2025-04-01,2025-04-01,No qualifying purchase in next 90 days
39,Noah,noah.39@example.com,2024-12-19 04:00:00,2,13,1,2025-01-01,2025-04-01,2025-04-01,No qualifying purchase in next 90 days
41,Paul,paul.41@example.com,2024-08-25 17:00:00,1,129,1,2025-01-01,2025-04-01,2025-04-01,No qualifying purchase in next 90 days
42,Queen,queen.42@example.com,2024-10-18 14:00:00,1,75,0,2025-01-01,2025-04-01,2025-04-01,No qualifying purchase in next 90 days
43,Ryan,ryan.43@example.com,2024-09-30 10:00:00,1,93,1,2025-01-01,2025-04-01,2025-04-01,No qualifying purchase in next 90 days
44,Sara,sara.44@example.com,2024-09-03 06:00:00,2,120,0,2025-01-01,2025-04-01,2025-04-01,No qualifying purchase in next 90 days
45,Tom,tom.45@example.com,2024-11-03 22:00:00,3,59,0,2025-01-01,2025-04-01,2025-04-01,No qualifying purchase in next 90 days
46,Uma,uma.46@example.com,2024-11-11 08:00:00,4,51,1,2025-01-01,2025-04-01,2025-04-01,No qualifying purchase in next 90 days
47,Vince,vince.47@example.com,2024-05-20 20:00:00,2,226,1,2025-01-01,2025-04-01,2025-04-01,No qualifying purchase in next 90 days
48,Will,will.48@example.com,2024-12-05 12:00:00,2,27,1,2025-01-01,2025-04-01,2025-04-01,No qualifying purchase in next 90 days
49,Xena,xena.49@example.com,2024-11-29 12:00:00,3,33,0,2025-01-01,2025-04-01,2025-04-01,No qualifying purchase in next 90 days
