id,name,email,recency_days,frequency,monetary,R_score,F_score,M_score,RFM_score,segment
1,Alice,alice.1@example.com,67,7,3821.35,4,1,2,412,Customer with purchases
2,Bob,bob.2@example.com,13,4,1532.4,1,3,4,134,Customer with purchases
3,Charlie,charlie.3@example.com,32,1,330.2,2,5,5,255,Customer with purchases
4,Diana,diana.4@example.com,268,2,1198.15,5,4,5,545,Customer with purchases
5,Evan,evan.5@example.com,62,3,1249.21,3,4,4,344,Customer with purchases
6,Fiona,fiona.6@example.com,325,1,448.37,5,5,5,555,Customer with purchases
7,George,george.7@example.com,132,2,638.6700000000001,5,5,5,555,Customer with purchases
8,Hannah,hannah.8@example.com,6,8,3148.8,1,1,2,112,Customer with purchases
9,Ian,ian.9@example.com,42,8,4856.06,3,1,1,311,Customer with purchases
10,Julia,julia.10@example.com,149,2,436.36,5,5,5,555,Customer with purchases
11,Kevin,kevin.11@example.com,95,8,5301.48,4,1,1,411,Customer with purchases
12,Laura,laura.12@example.com,28,4,1222.56,2,3,4,234,Customer with purchases
13,Mike,mike.13@example.com,63,7,3338.45,3,2,2,322,Customer with purchases
14,Nina,nina.14@example.com,28,8,4498.0599999999995,2,1,1,211,Customer with purchases
15,Oscar,oscar.15@example.com,60,4,3213.2999999999997,3,4,2,342,Customer with purchases
16,Priya,priya.16@example.com,9,6,2766.27,1,2,3,123,Customer with purchases
17,Quinn,quinn.17@example.com,31,5,3056.59,2,3,2,232,Customer with purchases
18,Rachel,rachel.18@example.com,13,6,3907.8199999999997,1,2,2,122,Customer with purchases
19,Sam,sam.19@example.com,35,7,3431.1,3,2,2,322,Customer with purchases
20,Tara,tara.20@example.com,10,6,1959.67,1,3,4,134,Customer with purchases
21,Uma,uma.21@example.com,67,4,2099.16,4,4,4,444,Customer with purchases
22,Victor,victor.22@example.com,79,4,2639.71,4,4,3,443,Customer with purchases
23,Wendy,wendy.23@example.com,7,5,1764.21,1,3,4,134,Customer with purchases
24,Xavier,xavier.24@example.com,140,8,5328.33,5,1,1,511,Customer with purchases
25,Yara,yara.25@example.com,9,8,4216.15,1,1,1,111,Customer with purchases
26,Zoe,zoe.26@example.com,107,7,2723.09,4,2,3,423,Customer with purchases
27,Aaron,aaron.27@example.com,339,1,702.42,5,5,5,555,Customer with purchases
28,Beth,beth.28@example.com,86,3,2117.92,4,4,3,443,Customer with purchases
29,Carl,carl.29@example.com,26,7,1593.85,2,2,4,224,Customer with purchases
30,Donna,donna.30@example.com,197,1,428.92,5,5,5,555,Customer with purchases
31,Eric,eric.31@example.com,19,8,3497.2999999999997,2,1,2,212,Customer with purchases
32,Grace,grace.32@example.com,121,2,1588.7,5,5,4,554,Customer with purchases
33,Henry,henry.33@example.com,109,3,2301.44,4,4,3,443,Customer with purchases
34,Iris,iris.34@example.com,74,6,2509.94,4,3,3,433,Customer with purchases
35,Jack,jack.35@example.com,1,8,5963.73,1,1,1,111,Customer with purchases
36,Kara,kara.36@example.com,18,7,3418.46,2,2,2,222,Customer with purchases
37,Leo,leo.37@example.com,155,1,525.34,5,5,5,555,Customer with purchases
38,Mia,mia.38@example.com,33,1,326.97,3,5,5,355,Customer with purchases
39,Noah,noah.39@example.com,21,3,2560.17,2,4,3,243,Customer with purchases
40,Olivia,olivia.40@example.com,295,2,759.14,5,5,5,555,Customer with purchases
41,Paul,paul.41@example.com,52,5,2463.05,3,3,3,333,Customer with purchases
42,Queen,queen.42@example.com,22,8,3035.12,2,1,3,213,Customer with purchases
43,Ryan,ryan.43@example.com,72,4,2104.01,4,4,4,444,Customer with purchases
44,Sara,sara.44@example.com,92,6,3672.62,4,3,2,432,Customer with purchases
45,Tom,tom.45@example.com,24,5,1879.9,2,3,4,234,Customer with purchases
46,Uma,uma.46@example.com,40,7,3920.42,3,2,1,321,Customer with purchases
47,Vince,vince.47@example.com,60,7,4710.76,3,2,1,321,Customer with purchases
48,Will,will.48@example.com,11,5,4049.02,1,3,1,131,Customer with purchases
49,Xena,xena.49@example.com,44,4,2646.18,3,4,3,343,Customer with purchases
50,Yvonne,yvonne.50@example.com,3,7,3998.12,1,2,1,121,Customer with purchases
