id,name,email,customer_id,order_count,total_spent,average_order_value,last_order_date
1,Alice,alice.1@example.com,1,7,3821.35,545.9071428571428,2024-10-26 13:00:00
2,Bob,bob.2@example.com,2,4,1532.4,383.1,2024-12-19 06:00:00
3,Charlie,charlie.3@example.com,3,1,330.2,330.2,2024-11-30 20:00:00
4,Diana,diana.4@example.com,4,2,1198.15,599.075,2024-04-08 06:00:00
5,Evan,evan.5@example.com,5,3,1249.21,416.40333333333336,2024-10-31 02:00:00
6,Fiona,fiona.6@example.com,6,1,448.37,448.37,2024-02-11 13:00:00
7,George,george.7@example.com,7,2,638.6700000000001,319.33500000000004,2024-08-22 19:00:00
8,Hannah,hannah.8@example.com,8,8,3148.8,393.6,2024-12-26 09:00:00
9,Ian,ian.9@example.com,9,8,4856.06,607.0075,2024-11-20 19:00:00
10,Julia,julia.10@example.com,10,2,436.36,218.18,2024-08-05 07:00:00
11,Kevin,kevin.11@example.com,11,8,5301.48,662.685,2024-09-28 17:00:00
12,Laura,laura.12@example.com,12,4,1222.56,305.64,2024-12-04 11:00:00
13,Mike,mike.13@example.com,13,7,3338.45,476.9214285714285,2024-10-30 08:00:00
14,Nina,nina.14@example.com,14,8,4498.0599999999995,562.2574999999999,2024-12-04 02:00:00
15,Oscar,oscar.15@example.com,15,4,3213.2999999999997,803.3249999999999,2024-11-02 01:00:00
16,Priya,priya.16@example.com,16,6,2766.27,461.045,2024-12-23 15:00:00
17,Quinn,quinn.17@example.com,17,5,3056.59,611.318,2024-12-01 04:00:00
18,Rachel,rachel.18@example.com,18,6,3907.8199999999997,651.3033333333333,2024-12-19 08:00:00
19,Sam,sam.19@example.com,19,7,3431.1,490.15714285714284,2024-11-27 02:00:00
20,Tara,tara.20@example.com,20,6,1959.67,326.6116666666667,2024-12-22 17:00:00
21,Uma,uma.21@example.com,21,4,2099.16,524.79,2024-10-26 17:00:00
22,Victor,victor.22@example.com,22,4,2639.71,659.9275,2024-10-14 17:00:00
23,Wendy,wendy.23@example.com,23,5,1764.21,352.842,2024-12-25 09:00:00
24,Xavier,xavier.24@example.com,24,8,5328.33,666.04125,2024-08-14 13:00:00
25,Yara,yara.25@example.com,25,8,4216.15,527.01875,2024-12-23 21:00:00
26,Zoe,zoe.26@example.com,26,7,2723.09,389.0128571428572,2024-09-16 17:00:00
27,Aaron,aaron.27@example.com,27,1,702.42,702.42,2024-01-28 12:00:00
28,Beth,beth.28@example.com,28,3,2117.92,705.9733333333334,2024-10-07 23:00:00
29,Carl,carl.29@example.com,29,7,1593.85,227.69285714285712,2024-12-06 21:00:00
30,Donna,donna.30@example.com,30,1,428.92,428.92,2024-06-18 08:00:00
31,Eric,eric.31@example.com,31,8,3497.2999999999997,437.16249999999997,2024-12-13 14:00:00
32,Grace,grace.32@example.com,32,2,1588.7,794.35,2024-09-02 16:00:00
33,Henry,henry.33@example.com,33,3,2301.44,767.1466666666666,2024-09-14 01:00:00
34,Iris,iris.34@example.com,34,6,2509.94,418.3233333333333,2024-10-19 13:00:00
35,Jack,jack.35@example.com,35,8,5963.73,745.46625,2024-12-31 10:00:00
36,Kara,kara.36@example.com,36,7,3418.46,488.3514285714286,2024-12-14 07:00:00
37,Leo,leo.37@example.com,37,1,525.34,525.34,2024-07-30 10:00:00
38,Mia,mia.38@example.com,38,1,326.97,326.97,2024-11-29 18:00:00
39,Noah,noah.39@example.com,39,3,2560.17,853.39,2024-12-11 06:00:00
40,Olivia,olivia.40@example.com,40,2,759.14,379.57,2024-03-12 15:00:00
41,Paul,paul.41@example.com,41,5,2463.05,492.61,2024-11-10 07:00:00
42,Queen,queen.42@example.com,42,8,3035.12,379.39,2024-12-10 22:00:00
43,Ryan,ryan.43@example.com,43,4,2104.01,526.0025,2024-10-21 10:00:00
44,Sara,sara.44@example.com,44,6,3672.62,612.1033333333334,2024-10-01 23:00:00
45,Tom,tom.45@example.com,45,5,1879.9,375.98,2024-12-08 01:00:00
46,Uma,uma.46@example.com,46,7,3920.42,560.0600000000001,2024-11-22 00:00:00
47,Vince,vince.47@example.com,47,7,4710.76,672.9657142857143,2024-11-02 10:00:00
48,Will,will.48@example.com,48,5,4049.02,809.804,2024-12-21 20:00:00
49,Xena,xena.49@example.com,49,4,2646.18,661.545,2024-11-18 05:00:00
50,Yvonne,yvonne.50@example.com,50,7,3998.12,571.16,2024-12-29 14:00:00
